model,init_time,valid_date,start_lead_h,end_lead_h,n_valid_cells,forecast_mean_mm,observed_mean_mm,bias_mm,mae_mm,rmse_mm,correlation,negative_raw_cells,POD_1_0mm,FAR_1_0mm,CSI_1_0mm,hits_1_0mm,misses_1_0mm,false_alarms_1_0mm,POD_15_6mm,FAR_15_6mm,CSI_15_6mm,hits_15_6mm,misses_15_6mm,false_alarms_15_6mm,POD_64_5mm,FAR_64_5mm,CSI_64_5mm,hits_64_5mm,misses_64_5mm,false_alarms_64_5mm
NCMRWF,2020-06-01 12:00:00,2020-06-03,12,36,4964,8.047098088651389,5.800513548759997,2.246584539891392,7.219118375945346,16.848526352645624,0.43322794541055204,47,0.8773333333333333,0.5102709139624888,0.45834494288102534,1645,230,1714,0.478330658105939,0.5262321144674086,0.31236897274633124,298,325,331,0.2878787878787879,0.759493670886076,0.15079365079365079,19,47,60
NCMRWF,2020-06-01 12:00:00,2020-06-04,36,60,4964,10.709967214979018,7.527374298042354,3.1825929169366636,8.51739025467436,20.952760765193602,0.626838693253384,120,0.8653937947494034,0.49526726057906456,0.46799173980382036,1813,282,1779,0.5808917197452229,0.37276478679504815,0.4318181818181818,456,329,271,0.5487804878048781,0.7169811320754716,0.22959183673469388,45,37,114
NCMRWF,2020-06-01 12:00:00,2020-06-05,60,84,4964,10.430539590726463,7.505997180339852,2.9245424103866107,11.17652452967372,24.81377654639005,0.23196290194409935,0,0.8480673555300421,0.4323770491803279,0.5152290165077889,2216,397,1688,0.36464088397790057,0.6212338593974175,0.22817631806395852,264,460,433,0.0410958904109589,0.9811320754716981,0.013100436681222707,3,70,156
NCMRWF,2020-06-01 12:00:00,2020-06-06,84,108,4964,7.103749792238639,6.6784857745244075,0.42526401771423106,7.879831640148126,16.314072916953855,0.34850018908752245,0,0.8161073825503355,0.4561717352415027,0.48446215139442234,1824,411,1530,0.3804511278195489,0.5859247135842881,0.24731182795698925,253,412,358,0.0625,0.9259259259259259,0.03508771929824561,4,60,50
NCMRWF,2020-06-05 12:00:00,2020-06-07,12,36,4964,5.294258861804166,3.6758269225213436,1.6184319392828226,5.00641995981706,10.003785269465501,0.4603218882961348,48,0.8892794376098418,0.5670279520821448,0.41082543978349123,1518,189,1988,0.382089552238806,0.6373937677053825,0.22857142857142856,128,207,225,0.0625,0.8823529411764706,0.0425531914893617,2,30,15
NCMRWF,2020-06-05 12:00:00,2020-06-08,36,60,4964,3.819119090114185,2.8041268558865062,1.0149922342276791,4.344955783390263,7.596297617491197,0.2531756991685995,0,0.8522652659225214,0.6456456456456456,0.3338477366255144,1298,225,2365,0.12355212355212356,0.7730496453900709,0.08695652173913043,32,227,109,0.0,,0.0,0,7,0
NCMRWF,2020-06-05 12:00:00,2020-06-09,60,84,4964,2.8514099060615945,2.2832502681795,0.5681596378820943,3.8832678948804857,8.557975422650744,0.07884354212529347,0,0.7607076350093109,0.7302740178276659,0.2486305538648813,817,257,2212,0.036036036036036036,0.936,0.02359882005899705,8,214,117,0.0,1.0,0.0,0,5,1
NCMRWF,2020-06-05 12:00:00,2020-06-10,84,108,4964,3.0714619573917523,1.9448619879238866,1.1265999694678657,3.347774203369352,7.670012982161558,0.20664030387474344,0,0.723744292237443,0.6211155378486056,0.33101287852419076,951,363,1559,0.0880503144654088,0.9204545454545454,0.04361370716510903,14,145,162,0.0,1.0,0.0,0,2,7
NCMRWF,2020-06-10 12:00:00,2020-06-12,12,36,4964,11.11146762605596,6.576194773568479,4.5352728524874815,9.508289819636227,20.305296976124378,0.38183533277944437,18,0.9369266055045872,0.3259075907590759,0.6448303078137332,2451,165,1185,0.45760233918128657,0.6455266138165345,0.24960127591706538,313,371,570,0.3870967741935484,0.9433962264150944,0.05194805194805195,12,19,200
NCMRWF,2020-06-10 12:00:00,2020-06-13,36,60,4964,13.19989971475054,7.0364112349273595,6.16348847982318,12.392169538112778,29.072610928639012,0.25028685990791155,0,0.9085487077534792,0.38126184673707014,0.5824624012235534,2285,230,1408,0.38671875,0.6813304721030042,0.21168923734853884,297,471,635,0.5,0.9288537549407114,0.06642066420664207,18,18,235
NCMRWF,2020-06-10 12:00:00,2020-06-14,60,84,4964,11.883730936432062,6.155665217650383,5.728065718781679,11.19596594805667,25.82467424535194,0.37569339455445533,41,0.880275624461671,0.48746238716148443,0.47913736521331457,2044,278,1944,0.40929535232383807,0.6591760299625468,0.22845188284518828,273,394,528,0.35714285714285715,0.9487179487179487,0.046948356807511735,10,18,185
NCMRWF,2020-06-10 12:00:00,2020-06-15,84,108,4964,9.993432582359178,6.385125930705479,3.6083066516536992,9.815637729821812,22.62449557379346,0.30708488795327626,0,0.864379736737136,0.42943654555028965,0.5236829386176897,2167,340,1631,0.3878378378378378,0.6105834464043419,0.2411764705882353,287,453,450,0.05263157894736842,0.9935064935064936,0.005813953488372093,1,18,153
NCMRWF,2020-06-11 12:00:00,2020-06-13,12,36,4964,11.934675465257667,7.0364112349273595,4.898264230330308,10.449847001374213,22.812746546571496,0.4100361457336063,7,0.9351888667992048,0.36363636363636365,0.6094843223633065,2352,163,1344,0.4075520833333333,0.6571741511500547,0.22880116959064328,313,455,600,0.5277777777777778,0.9045226130653267,0.08796296296296297,19,17,180
NCMRWF,2020-06-11 12:00:00,2020-06-14,36,60,4964,11.339370345891176,6.155665217650383,5.183705128240793,10.409037943831029,22.003774425937998,0.3859594246032561,0,0.8992248062015504,0.4795613160518445,0.49175694771549694,2088,234,1924,0.4032983508245877,0.6879350348027842,0.21349206349206348,269,398,593,0.2857142857142857,0.9520958083832335,0.0427807486631016,8,20,159
NCMRWF,2020-06-11 12:00:00,2020-06-15,60,84,4964,11.26690510023008,6.385125930705479,4.8817791695246,10.273558816069473,21.42481597942584,0.30493320840578914,0,0.9481451934583167,0.41134224863793956,0.5702975047984645,2377,130,1661,0.41486486486486485,0.6723585912486659,0.2240875912408759,307,433,630,0.10526315789473684,0.9880952380952381,0.010810810810810811,2,17,166
NCMRWF,2020-06-11 12:00:00,2020-06-16,84,108,4964,10.492503251305553,9.029032315616101,1.463470935689452,9.915441048482965,22.644636193190657,0.3522140710305686,99,0.9436781609195403,0.290610599078341,0.6805747444045316,2463,147,1009,0.41226415094339625,0.4936268829663963,0.2940780619111709,437,623,426,0.21666666666666667,0.912751677852349,0.0663265306122449,13,47,136
NCMRWF,2020-06-15 12:00:00,2020-06-17,12,36,4964,10.834907061333915,9.144445849180306,1.6904612121536098,9.172086640289066,17.930782090937456,0.5354433014670517,5,0.9111816019032514,0.2716323296354992,0.6800828647528855,2298,224,857,0.4807090719499479,0.5774518790100825,0.29011957205789807,461,498,630,0.45161290322580644,0.6283185840707964,0.25609756097560976,42,51,71
NCMRWF,2020-06-15 12:00:00,2020-06-18,36,60,4964,11.068609795256236,8.453479177886612,2.6151306173696227,9.634654469037415,26.141672080242675,0.40774724306938837,22,0.9097914777878513,0.3747663551401869,0.5887356996186565,2007,199,1203,0.5625774473358116,0.4325,0.39375542064180397,454,353,346,0.34513274336283184,0.7958115183246073,0.1471698113207547,39,74,152
NCMRWF,2020-06-15 12:00:00,2020-06-19,60,84,4964,10.165210330391547,6.811860990453148,3.353349339938399,9.758612599213416,24.06783441649474,0.30195495601765987,0,0.9031499764927128,0.4134351145038168,0.5518529158287848,1921,206,1354,0.4417952314165498,0.5961538461538461,0.267402376910017,315,398,465,0.13432835820895522,0.9482758620689655,0.03879310344827586,9,58,165
NCMRWF,2020-06-15 12:00:00,2020-06-20,84,108,4964,10.255647515105856,5.7865196737872795,4.469127841318577,10.044061142265704,27.93503501432207,0.19689788090312127,0,0.8597242035187826,0.48372358652198744,0.4761653937318936,1808,295,1694,0.4547008547008547,0.671604938271605,0.23560673162090345,266,319,544,0.09090909090909091,0.9770992366412213,0.018633540372670808,3,30,128
NCMRWF,2020-06-20 12:00:00,2020-06-22,12,36,4964,10.338299759241915,7.445274390584934,2.8930253686569802,10.322280752557461,22.890512489249357,0.25990351484893,0,0.9065699658703071,0.4126589275843007,0.5538180870471723,2125,219,1493,0.4775888717156105,0.6644951140065146,0.2454328832406672,309,338,612,0.058823529411764705,0.9512195121951219,0.0273972602739726,6,96,117
NCMRWF,2020-06-20 12:00:00,2020-06-23,36,60,4964,9.28957054834826,6.779887522421447,2.509683025926814,8.938542407869637,18.904047106905427,0.2569584001655732,88,0.9073783359497645,0.3834666666666667,0.5800301053687907,2312,236,1438,0.41333333333333333,0.6778290993071594,0.22107765451664024,279,396,587,0.02,0.9888888888888889,0.007194244604316547,1,49,89
NCMRWF,2020-06-20 12:00:00,2020-06-24,60,84,4964,8.042905278365783,6.255220906780455,1.7876843715853288,8.13200474673625,19.09285974699002,0.31672970949128637,0,0.8592839300582847,0.4164546225614928,0.5326451612903226,2064,338,1473,0.36082474226804123,0.6677215189873418,0.20916334661354583,210,372,422,0.21428571428571427,0.8831168831168831,0.08181818181818182,9,33,68
NCMRWF,2020-06-20 12:00:00,2020-06-25,84,108,4964,10.426262990787762,7.868632610449019,2.557630380338742,9.57329050068648,20.45428743305232,0.5554839055102805,78,0.8888006354249405,0.4348484848484849,0.5278301886792452,2238,280,1722,0.4752623688155922,0.6189903846153846,0.26818950930626057,317,350,515,0.4215686274509804,0.6055045871559633,0.25595238095238093,43,59,66
NCMRWF,2020-06-21 12:00:00,2020-06-23,12,36,4964,9.626508545110264,6.779887522421447,2.8466210226888173,8.293611753774847,15.965894301462557,0.40171305042138183,0,0.92425431711146,0.3691401017948031,0.5998471726948548,2355,193,1378,0.5111111111111111,0.6349206349206349,0.27058823529411763,345,330,600,0.12,0.9347826086956522,0.04411764705882353,6,44,86
NCMRWF,2020-06-21 12:00:00,2020-06-24,36,60,4964,7.995582130818219,6.255220906780455,1.740361224037764,7.465696182818691,15.737622991229776,0.43573729531463096,0,0.9121565362198168,0.4450354609929078,0.5268093291656648,2191,211,1757,0.41924398625429554,0.6458635703918723,0.23758519961051608,244,338,445,0.35714285714285715,0.6938775510204082,0.19736842105263158,15,27,34
NCMRWF,2020-06-21 12:00:00,2020-06-25,60,84,4964,9.758387808311042,7.868632610449019,1.8897551978620226,9.144167730144666,18.75554580489121,0.5685193001147453,24,0.9106433677521842,0.42139793086045924,0.5475167144221585,2293,225,1670,0.4452773613193403,0.6112565445026178,0.2619047619047619,297,370,467,0.3431372549019608,0.6153846153846154,0.22151898734177214,35,67,56
NCMRWF,2020-06-21 12:00:00,2020-06-26,84,108,4964,12.780944741277102,10.294888031713239,2.4860567095638633,12.305993658227912,29.603011536574417,0.5099703823717108,150,0.8711144806671721,0.4201362604087812,0.5340460144085521,2298,340,1665,0.43423597678916825,0.47546728971962615,0.31158917418459403,449,585,407,0.5075757575757576,0.6683168316831684,0.250936329588015,67,65,135
ECMWF,2020-06-01 12:00:00,2020-06-03,12,36,4964,5.8031356745230935,5.800513548759997,0.0026221257630962194,4.891119760908843,10.523659419848446,0.6526434895002873,71,0.8421333333333333,0.4003038359285986,0.5390918402185046,1579,296,1054,0.5441412520064205,0.37105751391465674,0.41190765492102066,339,284,200,0.16666666666666666,0.5416666666666666,0.13924050632911392,11,55,13
ECMWF,2020-06-01 12:00:00,2020-06-04,36,60,4964,6.852141590219015,7.527374298042354,-0.67523270782334,6.072848765082008,12.423521323446433,0.6875468438696324,0,0.716945107398568,0.40063846767757383,0.4846724749919329,1502,593,1004,0.489171974522293,0.3875598086124402,0.3735408560311284,384,401,243,0.4268292682926829,0.5569620253164557,0.2777777777777778,35,47,44
ECMWF,2020-06-01 12:00:00,2020-06-05,60,84,4964,7.726308700041756,7.505997180339852,0.22031151970190346,9.33252126262073,19.667914122672197,0.21601762526137697,429,0.6720244929200153,0.33610586011342153,0.5014277555682467,1756,857,889,0.3632596685082873,0.6511936339522546,0.21646090534979423,263,461,491,0.0821917808219178,0.9459459459459459,0.033707865168539325,6,67,105
ECMWF,2020-06-01 12:00:00,2020-06-06,84,108,4964,5.898672699075736,6.6784857745244075,-0.7798130754486717,7.699770698664626,17.9189382825276,0.23202095180684987,0,0.6796420581655481,0.4144178874325366,0.4589123867069486,1519,716,1075,0.3323308270676692,0.6025179856115108,0.221,221,444,335,0.015625,0.972972972972973,0.01,1,63,36
ECMWF,2020-06-05 12:00:00,2020-06-07,12,36,4964,3.582650541859452,3.6758269225213436,-0.093176380661891,3.705588662198966,8.27908977042245,0.5689030342873371,0,0.7223198594024605,0.47864693446088796,0.43430785487847834,1233,474,1132,0.4,0.5331010452961672,0.27459016393442626,134,201,153,0.125,0.5,0.1111111111111111,4,28,4
ECMWF,2020-06-05 12:00:00,2020-06-08,36,60,4964,2.595965339466345,2.8041268558865062,-0.20816151642016126,3.5023654469257144,7.75918303214154,0.25868858087664337,0,0.6552856204858831,0.5486205336951605,0.364766081871345,998,525,1213,0.11969111969111969,0.8037974683544303,0.08031088082901554,31,228,127,0.0,1.0,0.0,0,7,2
ECMWF,2020-06-05 12:00:00,2020-06-09,60,84,4964,2.0883057432899252,2.2832502681795,-0.1949445248895748,3.201984131555776,7.887404562012982,0.16537055866733757,0,0.6256983240223464,0.6481675392670158,0.2906574394463668,672,402,1238,0.06306306306306306,0.8526315789473684,0.0462046204620462,14,208,81,0.0,,0.0,0,5,0
ECMWF,2020-06-05 12:00:00,2020-06-10,84,108,4964,2.441217524828127,1.9448619879238866,0.4963555369042405,2.960859784848289,6.258358548802216,0.23576193473600107,0,0.5654490106544902,0.6022483940042827,0.3046330463304633,743,571,1125,0.20754716981132076,0.8235294117647058,0.10543130990415335,33,126,154,0.0,,0.0,0,2,0
ECMWF,2020-06-10 12:00:00,2020-06-12,12,36,4964,9.58730732686486,6.576194773568479,3.0111125532963805,8.138078224708538,19.239383004768072,0.28651202279921273,0,0.8520642201834863,0.2609416445623342,0.6550102850426095,2229,387,787,0.5380116959064327,0.6352824578790882,0.27773584905660376,368,316,641,0.0,1.0,0.0,0,31,46
ECMWF,2020-06-10 12:00:00,2020-06-13,36,60,4964,11.433712344990733,7.0364112349273595,4.397301110063373,10.495320941793052,20.99020863436864,0.2310884687405392,296,0.8330019880715706,0.32156735751295334,0.5972063854047891,2095,420,993,0.44921875,0.7134551495016611,0.21204671173939765,345,423,859,0.19444444444444445,0.9391304347826087,0.04861111111111111,7,29,108
ECMWF,2020-06-10 12:00:00,2020-06-14,60,84,4964,10.587122499542186,6.155665217650383,4.431457281891802,9.773954951972984,17.556092484138446,0.3294521961876587,0,0.8307493540051679,0.4343108504398827,0.5072311333158033,1929,393,1481,0.46926536731634183,0.716998191681736,0.21438356164383562,313,354,793,0.07142857142857142,0.9797979797979798,0.016,2,26,97
ECMWF,2020-06-10 12:00:00,2020-06-15,84,108,4964,9.835916480039266,6.385125930705479,3.4507905493337865,10.188453560878916,22.54233017965352,0.23174967675665822,0,0.8033506182688472,0.3416149068322981,0.5670045045045045,2014,493,1045,0.33513513513513515,0.6971916971916972,0.18916857360793288,248,492,571,0.0,1.0,0.0,0,19,128
ECMWF,2020-06-11 12:00:00,2020-06-13,12,36,4964,9.68633341028602,7.0364112349273595,2.64992217535866,9.415007706119718,18.181739143946405,0.2733380823642613,0,0.7992047713717694,0.31046312178387653,0.5877192982456141,2010,505,905,0.37890625,0.7295539033457249,0.18737926593689633,291,477,785,0.3333333333333333,0.7692307692307693,0.15789473684210525,12,24,40
ECMWF,2020-06-11 12:00:00,2020-06-14,36,60,4964,9.727950693481038,6.155665217650383,3.5722854758306553,8.694271025241154,15.681372914971405,0.3457635581366741,0,0.8208440999138673,0.38555770470664086,0.541785105173394,1906,416,1196,0.47226386806596704,0.6997140133460439,0.22483940042826553,315,352,734,0.0,1.0,0.0,0,28,60
ECMWF,2020-06-11 12:00:00,2020-06-15,60,84,4964,11.050906344038385,6.385125930705479,4.6657804133329055,9.737181169356644,23.78656805221171,0.22940626519299426,471,0.8707618667730355,0.3156739811912226,0.6212293682413205,2183,324,1007,0.4648648648648649,0.6577114427860696,0.24553890078515347,344,396,661,0.0,1.0,0.0,0,19,121
ECMWF,2020-06-11 12:00:00,2020-06-16,84,108,4964,9.905179470287273,9.029032315616101,0.8761471546711708,11.308476290613598,28.203145577694553,0.20414485688604608,0,0.849808429118774,0.22011251758087202,0.6854140914709518,2218,392,626,0.3179245283018868,0.5645994832041343,0.22511690046760188,337,723,437,0.05,0.9781021897810219,0.015463917525773196,3,57,134
ECMWF,2020-06-15 12:00:00,2020-06-17,12,36,4964,9.261027315635097,9.144445849180306,0.11658146645479063,8.069547321107402,15.87045151949255,0.5146940924695655,0,0.8822363203806503,0.18108207581891791,0.7382216323822163,2225,297,492,0.5453597497393118,0.5510729613733906,0.3266708307307932,523,436,642,0.16129032258064516,0.6739130434782609,0.12096774193548387,15,78,31
ECMWF,2020-06-15 12:00:00,2020-06-18,36,60,4964,8.24039711987958,8.453479177886612,-0.2130820580070333,7.871505502092513,18.27026750845677,0.47515263338617564,0,0.8907524932003626,0.28933092224231466,0.653692614770459,1965,241,800,0.5613382899628253,0.47630057803468207,0.3716160787530763,453,354,412,0.10619469026548672,0.8260869565217391,0.07058823529411765,12,101,57
ECMWF,2020-06-15 12:00:00,2020-06-19,60,84,4964,8.184244629262212,6.811860990453148,1.3723836388090631,7.941058285534335,16.747643686057383,0.3811326848946596,216,0.849083215796897,0.3554603854389722,0.5782901056676273,1806,321,996,0.4684431977559607,0.5845771144278606,0.28233305156382077,334,379,470,0.07462686567164178,0.9489795918367347,0.03125,5,62,93
ECMWF,2020-06-15 12:00:00,2020-06-20,84,108,4964,7.881166341568239,5.7865196737872795,2.094646667780959,7.794988447673961,15.676165298424158,0.320467489746924,0,0.7750832144555397,0.42095914742451157,0.4957420924574209,1630,473,1185,0.4444444444444444,0.6889952153110048,0.2239448751076658,260,325,576,0.12121212121212122,0.9452054794520548,0.0392156862745098,4,29,69
ECMWF,2020-06-20 12:00:00,2020-06-22,12,36,4964,7.1743507534504145,7.445274390584934,-0.27092363713451917,7.239624770124987,15.26690940616345,0.48584328433094476,0,0.8464163822525598,0.313732272570045,0.6102737619194094,1984,360,907,0.5224111282843895,0.5598958333333334,0.3138347260909935,338,309,430,0.029411764705882353,0.8571428571428571,0.025,3,99,18
ECMWF,2020-06-20 12:00:00,2020-06-23,36,60,4964,7.4490517695780785,6.779887522421447,0.6691642471566318,5.979795370990807,11.904888403488886,0.5745366218606988,0,0.8665620094191523,0.26863199735011595,0.6573384935992855,2208,340,811,0.562962962962963,0.47730398899587345,0.37181996086105673,380,295,347,0.08,0.9166666666666666,0.0425531914893617,4,46,44
ECMWF,2020-06-20 12:00:00,2020-06-24,60,84,4964,7.408053137231271,6.255220906780455,1.1528322304508165,7.200276419449683,15.413805896611066,0.42683548322118375,811,0.813488759367194,0.3591341423417514,0.5587646554189305,1954,448,1095,0.4415807560137457,0.6559571619812584,0.23973880597014927,257,325,490,0.3333333333333333,0.6,0.2222222222222222,14,28,21
ECMWF,2020-06-20 12:00:00,2020-06-25,84,108,4964,8.232430128123351,7.868632610449019,0.363797517674331,8.998347812052394,20.344891034956028,0.35503894835716737,0,0.8955520254169976,0.4299797775530839,0.5344868452239867,2255,263,1701,0.4077961019490255,0.6086330935251798,0.24954128440366974,272,395,423,0.09803921568627451,0.7297297297297297,0.07751937984496124,10,92,27
ECMWF,2020-06-21 12:00:00,2020-06-23,12,36,4964,7.7731404017483605,6.779887522421447,0.9932528793269139,6.472128243207164,13.102286080381612,0.49069895664025553,142,0.8744113029827315,0.2845215157353886,0.6488060570762959,2228,320,886,0.5362962962962963,0.526797385620915,0.3358070500927644,362,313,403,0.06,0.9285714285714286,0.033707865168539325,3,47,39
ECMWF,2020-06-21 12:00:00,2020-06-24,36,60,4964,6.922300592377949,6.255220906780455,0.6670796855974945,6.675308622498723,14.244666230676682,0.4612148882140996,583,0.8097418817651957,0.3697342838626053,0.5489697996048546,1945,457,1141,0.47594501718213056,0.6281879194630873,0.2638095238095238,277,305,468,0.21428571428571427,0.25,0.2,9,33,3
ECMWF,2020-06-21 12:00:00,2020-06-25,60,84,4964,8.391325186617562,7.868632610449019,0.5226925761685427,8.58806444150876,18.086394258899862,0.4836170352694234,0,0.8328038125496425,0.4344660194174757,0.5078711552434003,2097,421,1611,0.5007496251874063,0.5985576923076923,0.28669527896995706,334,333,498,0.17647058823529413,0.5384615384615384,0.14634146341463414,18,84,21
ECMWF,2020-06-21 12:00:00,2020-06-26,84,108,4964,10.536220041477907,10.294888031713239,0.2413320097646685,11.066827404595479,21.41541380591856,0.45055708320127685,0,0.8589840788476119,0.4219387755102041,0.5279589934762349,2266,372,1654,0.42263056092843326,0.5203073545554336,0.28978779840848806,437,597,474,0.29545454545454547,0.6854838709677419,0.17972350230414746,39,93,85
