file,source,initialization_time,variable,status
370713e22141393fc5af4097283a5ecb.grib,NCMRWF,2020-06-11 12:00:00,temperature_2m_C,OK
370713e22141393fc5af4097283a5ecb.grib,NCMRWF,2020-06-11 12:00:00,dewpoint_2m_C,OK
370713e22141393fc5af4097283a5ecb.grib,NCMRWF,2020-06-11 12:00:00,wind_u_10m_ms,OK
370713e22141393fc5af4097283a5ecb.grib,NCMRWF,2020-06-11 12:00:00,wind_v_10m_ms,OK
370713e22141393fc5af4097283a5ecb.grib,NCMRWF,2020-06-11 12:00:00,pressure_msl_hPa,OK
370713e22141393fc5af4097283a5ecb.grib,NCMRWF,2020-06-11 12:00:00,precipitation_total_mm,OK
57ec0aa263772dce826edcac760b7cad.grib,NCMRWF,2020-06-05 12:00:00,temperature_2m_C,OK
57ec0aa263772dce826edcac760b7cad.grib,NCMRWF,2020-06-05 12:00:00,dewpoint_2m_C,OK
57ec0aa263772dce826edcac760b7cad.grib,NCMRWF,2020-06-05 12:00:00,wind_u_10m_ms,OK
57ec0aa263772dce826edcac760b7cad.grib,NCMRWF,2020-06-05 12:00:00,wind_v_10m_ms,OK
57ec0aa263772dce826edcac760b7cad.grib,NCMRWF,2020-06-05 12:00:00,pressure_msl_hPa,OK
57ec0aa263772dce826edcac760b7cad.grib,NCMRWF,2020-06-05 12:00:00,precipitation_total_mm,OK
590cf6f55ec09e71934af5598a463389.grib,NCMRWF,2020-06-21 12:00:00,temperature_2m_C,OK
590cf6f55ec09e71934af5598a463389.grib,NCMRWF,2020-06-21 12:00:00,dewpoint_2m_C,OK
590cf6f55ec09e71934af5598a463389.grib,NCMRWF,2020-06-21 12:00:00,wind_u_10m_ms,OK
590cf6f55ec09e71934af5598a463389.grib,NCMRWF,2020-06-21 12:00:00,wind_v_10m_ms,OK
590cf6f55ec09e71934af5598a463389.grib,NCMRWF,2020-06-21 12:00:00,pressure_msl_hPa,OK
590cf6f55ec09e71934af5598a463389.grib,NCMRWF,2020-06-21 12:00:00,precipitation_total_mm,OK
6a5ae3e346dac174af357fb2662f57ba.grib,NCMRWF,2020-06-10 12:00:00,temperature_2m_C,OK
6a5ae3e346dac174af357fb2662f57ba.grib,NCMRWF,2020-06-10 12:00:00,dewpoint_2m_C,OK
6a5ae3e346dac174af357fb2662f57ba.grib,NCMRWF,2020-06-10 12:00:00,wind_u_10m_ms,OK
6a5ae3e346dac174af357fb2662f57ba.grib,NCMRWF,2020-06-10 12:00:00,wind_v_10m_ms,OK
6a5ae3e346dac174af357fb2662f57ba.grib,NCMRWF,2020-06-10 12:00:00,pressure_msl_hPa,OK
6a5ae3e346dac174af357fb2662f57ba.grib,NCMRWF,2020-06-10 12:00:00,precipitation_total_mm,OK
6e3d5b4c2ca4d48873191b56bff271ef.grib,NCMRWF,2020-06-15 12:00:00,temperature_2m_C,OK
6e3d5b4c2ca4d48873191b56bff271ef.grib,NCMRWF,2020-06-15 12:00:00,dewpoint_2m_C,OK
6e3d5b4c2ca4d48873191b56bff271ef.grib,NCMRWF,2020-06-15 12:00:00,wind_u_10m_ms,OK
6e3d5b4c2ca4d48873191b56bff271ef.grib,NCMRWF,2020-06-15 12:00:00,wind_v_10m_ms,OK
6e3d5b4c2ca4d48873191b56bff271ef.grib,NCMRWF,2020-06-15 12:00:00,pressure_msl_hPa,OK
6e3d5b4c2ca4d48873191b56bff271ef.grib,NCMRWF,2020-06-15 12:00:00,precipitation_total_mm,OK
847406c9892b07f0caa3014b5a2af768.grib,NCMRWF,2020-06-01 12:00:00,temperature_2m_C,OK
847406c9892b07f0caa3014b5a2af768.grib,NCMRWF,2020-06-01 12:00:00,dewpoint_2m_C,OK
847406c9892b07f0caa3014b5a2af768.grib,NCMRWF,2020-06-01 12:00:00,wind_u_10m_ms,OK
847406c9892b07f0caa3014b5a2af768.grib,NCMRWF,2020-06-01 12:00:00,wind_v_10m_ms,OK
847406c9892b07f0caa3014b5a2af768.grib,NCMRWF,2020-06-01 12:00:00,pressure_msl_hPa,OK
847406c9892b07f0caa3014b5a2af768.grib,NCMRWF,2020-06-01 12:00:00,precipitation_total_mm,OK
a06e88a5d38f4ab6dcc237eca36ede3f.grib,NCMRWF,2020-06-20 12:00:00,temperature_2m_C,OK
a06e88a5d38f4ab6dcc237eca36ede3f.grib,NCMRWF,2020-06-20 12:00:00,dewpoint_2m_C,OK
a06e88a5d38f4ab6dcc237eca36ede3f.grib,NCMRWF,2020-06-20 12:00:00,wind_u_10m_ms,OK
a06e88a5d38f4ab6dcc237eca36ede3f.grib,NCMRWF,2020-06-20 12:00:00,wind_v_10m_ms,OK
a06e88a5d38f4ab6dcc237eca36ede3f.grib,NCMRWF,2020-06-20 12:00:00,pressure_msl_hPa,OK
a06e88a5d38f4ab6dcc237eca36ede3f.grib,NCMRWF,2020-06-20 12:00:00,precipitation_total_mm,OK
aa86f7a03fb45f9461b98b8c6d1f7ce4.grib,NCMRWF,2021-06-30 00:00:00,temperature_2m_C,OK
aa86f7a03fb45f9461b98b8c6d1f7ce4.grib,NCMRWF,2021-06-30 00:00:00,dewpoint_2m_C,OK
aa86f7a03fb45f9461b98b8c6d1f7ce4.grib,NCMRWF,2021-06-30 00:00:00,wind_u_10m_ms,OK
aa86f7a03fb45f9461b98b8c6d1f7ce4.grib,NCMRWF,2021-06-30 00:00:00,wind_v_10m_ms,OK
aa86f7a03fb45f9461b98b8c6d1f7ce4.grib,NCMRWF,2021-06-30 00:00:00,pressure_msl_hPa,OK
aa86f7a03fb45f9461b98b8c6d1f7ce4.grib,NCMRWF,2021-06-30 00:00:00,precipitation_total_mm,OK
