file,source,variable,output,initialization_time,lead_hours,centre,centre_description
370713e22141393fc5af4097283a5ecb.grib,NCMRWF,u10,C:\Users\poorv\OneDrive\Desktop\AERIS\data\interim\ncmrwf\370713e22141393fc5af4097283a5ecb_u10.nc,2020-06-11T12:00:00.000000000,"6,12,18,24,30,36,42,48,54,60,66,72,78,84,90,96,102,108,114,120",dems,New Delhi
370713e22141393fc5af4097283a5ecb.grib,NCMRWF,v10,C:\Users\poorv\OneDrive\Desktop\AERIS\data\interim\ncmrwf\370713e22141393fc5af4097283a5ecb_v10.nc,2020-06-11T12:00:00.000000000,"6,12,18,24,30,36,42,48,54,60,66,72,78,84,90,96,102,108,114,120",dems,New Delhi
370713e22141393fc5af4097283a5ecb.grib,NCMRWF,msl,C:\Users\poorv\OneDrive\Desktop\AERIS\data\interim\ncmrwf\370713e22141393fc5af4097283a5ecb_msl.nc,2020-06-11T12:00:00.000000000,"6,12,18,24,30,36,42,48,54,60,66,72,78,84,90,96,102,108,114,120",dems,New Delhi
370713e22141393fc5af4097283a5ecb.grib,NCMRWF,tp,C:\Users\poorv\OneDrive\Desktop\AERIS\data\interim\ncmrwf\370713e22141393fc5af4097283a5ecb_tp.nc,2020-06-11T12:00:00.000000000,"6,12,18,24,30,36,42,48,54,60,66,72,78,84,90,96,102,108,114,120",dems,New Delhi
57ec0aa263772dce826edcac760b7cad.grib,NCMRWF,u10,C:\Users\poorv\OneDrive\Desktop\AERIS\data\interim\ncmrwf\57ec0aa263772dce826edcac760b7cad_u10.nc,2020-06-05T12:00:00.000000000,"6,12,18,24,30,36,42,48,54,60,66,72,78,84,90,96,102,108,114,120",dems,New Delhi
57ec0aa263772dce826edcac760b7cad.grib,NCMRWF,v10,C:\Users\poorv\OneDrive\Desktop\AERIS\data\interim\ncmrwf\57ec0aa263772dce826edcac760b7cad_v10.nc,2020-06-05T12:00:00.000000000,"6,12,18,24,30,36,42,48,54,60,66,72,78,84,90,96,102,108,114,120",dems,New Delhi
57ec0aa263772dce826edcac760b7cad.grib,NCMRWF,msl,C:\Users\poorv\OneDrive\Desktop\AERIS\data\interim\ncmrwf\57ec0aa263772dce826edcac760b7cad_msl.nc,2020-06-05T12:00:00.000000000,"6,12,18,24,30,36,42,48,54,60,66,72,78,84,90,96,102,108,114,120",dems,New Delhi
57ec0aa263772dce826edcac760b7cad.grib,NCMRWF,tp,C:\Users\poorv\OneDrive\Desktop\AERIS\data\interim\ncmrwf\57ec0aa263772dce826edcac760b7cad_tp.nc,2020-06-05T12:00:00.000000000,"6,12,18,24,30,36,42,48,54,60,66,72,78,84,90,96,102,108,114,120",dems,New Delhi
590cf6f55ec09e71934af5598a463389.grib,NCMRWF,u10,C:\Users\poorv\OneDrive\Desktop\AERIS\data\interim\ncmrwf\590cf6f55ec09e71934af5598a463389_u10.nc,2020-06-21T12:00:00.000000000,"6,12,18,24,30,36,42,48,54,60,66,72,78,84,90,96,102,108,114,120",dems,New Delhi
590cf6f55ec09e71934af5598a463389.grib,NCMRWF,v10,C:\Users\poorv\OneDrive\Desktop\AERIS\data\interim\ncmrwf\590cf6f55ec09e71934af5598a463389_v10.nc,2020-06-21T12:00:00.000000000,"6,12,18,24,30,36,42,48,54,60,66,72,78,84,90,96,102,108,114,120",dems,New Delhi
590cf6f55ec09e71934af5598a463389.grib,NCMRWF,msl,C:\Users\poorv\OneDrive\Desktop\AERIS\data\interim\ncmrwf\590cf6f55ec09e71934af5598a463389_msl.nc,2020-06-21T12:00:00.000000000,"6,12,18,24,30,36,42,48,54,60,66,72,78,84,90,96,102,108,114,120",dems,New Delhi
590cf6f55ec09e71934af5598a463389.grib,NCMRWF,tp,C:\Users\poorv\OneDrive\Desktop\AERIS\data\interim\ncmrwf\590cf6f55ec09e71934af5598a463389_tp.nc,2020-06-21T12:00:00.000000000,"6,12,18,24,30,36,42,48,54,60,66,72,78,84,90,96,102,108,114,120",dems,New Delhi
6a5ae3e346dac174af357fb2662f57ba.grib,NCMRWF,u10,C:\Users\poorv\OneDrive\Desktop\AERIS\data\interim\ncmrwf\6a5ae3e346dac174af357fb2662f57ba_u10.nc,2020-06-10T12:00:00.000000000,"6,12,18,24,30,36,42,48,54,60,66,72,78,84,90,96,102,108,114,120",dems,New Delhi
6a5ae3e346dac174af357fb2662f57ba.grib,NCMRWF,v10,C:\Users\poorv\OneDrive\Desktop\AERIS\data\interim\ncmrwf\6a5ae3e346dac174af357fb2662f57ba_v10.nc,2020-06-10T12:00:00.000000000,"6,12,18,24,30,36,42,48,54,60,66,72,78,84,90,96,102,108,114,120",dems,New Delhi
6a5ae3e346dac174af357fb2662f57ba.grib,NCMRWF,msl,C:\Users\poorv\OneDrive\Desktop\AERIS\data\interim\ncmrwf\6a5ae3e346dac174af357fb2662f57ba_msl.nc,2020-06-10T12:00:00.000000000,"6,12,18,24,30,36,42,48,54,60,66,72,78,84,90,96,102,108,114,120",dems,New Delhi
6a5ae3e346dac174af357fb2662f57ba.grib,NCMRWF,tp,C:\Users\poorv\OneDrive\Desktop\AERIS\data\interim\ncmrwf\6a5ae3e346dac174af357fb2662f57ba_tp.nc,2020-06-10T12:00:00.000000000,"6,12,18,24,30,36,42,48,54,60,66,72,78,84,90,96,102,108,114,120",dems,New Delhi
6e3d5b4c2ca4d48873191b56bff271ef.grib,NCMRWF,u10,C:\Users\poorv\OneDrive\Desktop\AERIS\data\interim\ncmrwf\6e3d5b4c2ca4d48873191b56bff271ef_u10.nc,2020-06-15T12:00:00.000000000,"6,12,18,24,30,36,42,48,54,60,66,72,78,84,90,96,102,108,114,120",dems,New Delhi
6e3d5b4c2ca4d48873191b56bff271ef.grib,NCMRWF,v10,C:\Users\poorv\OneDrive\Desktop\AERIS\data\interim\ncmrwf\6e3d5b4c2ca4d48873191b56bff271ef_v10.nc,2020-06-15T12:00:00.000000000,"6,12,18,24,30,36,42,48,54,60,66,72,78,84,90,96,102,108,114,120",dems,New Delhi
6e3d5b4c2ca4d48873191b56bff271ef.grib,NCMRWF,msl,C:\Users\poorv\OneDrive\Desktop\AERIS\data\interim\ncmrwf\6e3d5b4c2ca4d48873191b56bff271ef_msl.nc,2020-06-15T12:00:00.000000000,"6,12,18,24,30,36,42,48,54,60,66,72,78,84,90,96,102,108,114,120",dems,New Delhi
6e3d5b4c2ca4d48873191b56bff271ef.grib,NCMRWF,tp,C:\Users\poorv\OneDrive\Desktop\AERIS\data\interim\ncmrwf\6e3d5b4c2ca4d48873191b56bff271ef_tp.nc,2020-06-15T12:00:00.000000000,"6,12,18,24,30,36,42,48,54,60,66,72,78,84,90,96,102,108,114,120",dems,New Delhi
847406c9892b07f0caa3014b5a2af768.grib,NCMRWF,u10,C:\Users\poorv\OneDrive\Desktop\AERIS\data\interim\ncmrwf\847406c9892b07f0caa3014b5a2af768_u10.nc,2020-06-01T12:00:00.000000000,"6,12,18,24,30,36,42,48,54,60,66,72,78,84,90,96,102,108,114,120",dems,New Delhi
847406c9892b07f0caa3014b5a2af768.grib,NCMRWF,v10,C:\Users\poorv\OneDrive\Desktop\AERIS\data\interim\ncmrwf\847406c9892b07f0caa3014b5a2af768_v10.nc,2020-06-01T12:00:00.000000000,"6,12,18,24,30,36,42,48,54,60,66,72,78,84,90,96,102,108,114,120",dems,New Delhi
847406c9892b07f0caa3014b5a2af768.grib,NCMRWF,msl,C:\Users\poorv\OneDrive\Desktop\AERIS\data\interim\ncmrwf\847406c9892b07f0caa3014b5a2af768_msl.nc,2020-06-01T12:00:00.000000000,"6,12,18,24,30,36,42,48,54,60,66,72,78,84,90,96,102,108,114,120",dems,New Delhi
847406c9892b07f0caa3014b5a2af768.grib,NCMRWF,tp,C:\Users\poorv\OneDrive\Desktop\AERIS\data\interim\ncmrwf\847406c9892b07f0caa3014b5a2af768_tp.nc,2020-06-01T12:00:00.000000000,"6,12,18,24,30,36,42,48,54,60,66,72,78,84,90,96,102,108,114,120",dems,New Delhi
a06e88a5d38f4ab6dcc237eca36ede3f.grib,NCMRWF,u10,C:\Users\poorv\OneDrive\Desktop\AERIS\data\interim\ncmrwf\a06e88a5d38f4ab6dcc237eca36ede3f_u10.nc,2020-06-20T12:00:00.000000000,"6,12,18,24,30,36,42,48,54,60,66,72,78,84,90,96,102,108,114,120",dems,New Delhi
a06e88a5d38f4ab6dcc237eca36ede3f.grib,NCMRWF,v10,C:\Users\poorv\OneDrive\Desktop\AERIS\data\interim\ncmrwf\a06e88a5d38f4ab6dcc237eca36ede3f_v10.nc,2020-06-20T12:00:00.000000000,"6,12,18,24,30,36,42,48,54,60,66,72,78,84,90,96,102,108,114,120",dems,New Delhi
a06e88a5d38f4ab6dcc237eca36ede3f.grib,NCMRWF,msl,C:\Users\poorv\OneDrive\Desktop\AERIS\data\interim\ncmrwf\a06e88a5d38f4ab6dcc237eca36ede3f_msl.nc,2020-06-20T12:00:00.000000000,"6,12,18,24,30,36,42,48,54,60,66,72,78,84,90,96,102,108,114,120",dems,New Delhi
a06e88a5d38f4ab6dcc237eca36ede3f.grib,NCMRWF,tp,C:\Users\poorv\OneDrive\Desktop\AERIS\data\interim\ncmrwf\a06e88a5d38f4ab6dcc237eca36ede3f_tp.nc,2020-06-20T12:00:00.000000000,"6,12,18,24,30,36,42,48,54,60,66,72,78,84,90,96,102,108,114,120",dems,New Delhi
aa86f7a03fb45f9461b98b8c6d1f7ce4.grib,NCMRWF,u10,C:\Users\poorv\OneDrive\Desktop\AERIS\data\interim\ncmrwf\aa86f7a03fb45f9461b98b8c6d1f7ce4_u10.nc,2021-06-30T00:00:00.000000000,"6,12,18,24,30,36,42,48,54,60,66,72,78,84,90,96,102,108,114,120",dems,New Delhi
aa86f7a03fb45f9461b98b8c6d1f7ce4.grib,NCMRWF,v10,C:\Users\poorv\OneDrive\Desktop\AERIS\data\interim\ncmrwf\aa86f7a03fb45f9461b98b8c6d1f7ce4_v10.nc,2021-06-30T00:00:00.000000000,"6,12,18,24,30,36,42,48,54,60,66,72,78,84,90,96,102,108,114,120",dems,New Delhi
aa86f7a03fb45f9461b98b8c6d1f7ce4.grib,NCMRWF,msl,C:\Users\poorv\OneDrive\Desktop\AERIS\data\interim\ncmrwf\aa86f7a03fb45f9461b98b8c6d1f7ce4_msl.nc,2021-06-30T00:00:00.000000000,"6,12,18,24,30,36,42,48,54,60,66,72,78,84,90,96,102,108,114,120",dems,New Delhi
aa86f7a03fb45f9461b98b8c6d1f7ce4.grib,NCMRWF,tp,C:\Users\poorv\OneDrive\Desktop\AERIS\data\interim\ncmrwf\aa86f7a03fb45f9461b98b8c6d1f7ce4_tp.nc,2021-06-30T00:00:00.000000000,"6,12,18,24,30,36,42,48,54,60,66,72,78,84,90,96,102,108,114,120",dems,New Delhi
